Workbook

Sheet Total Jarak
A1: =Jarak!B2 + Jarak!C6 + Jarak!F4 + Jarak!D5 + Jarak!B5 -> 26

Sheet Rute Semut
A1: Langkah | B1: Kota
A2: 1 | B2: A
A3: 2 | B3: B
A4: 3 | B4: E
A5: 4 | B5: C
A6: 5 | B6: D
A7: 6 | B7: A

Sheet Probabilitas A
A1: Dari A ke | B1: B | C1: C | D1: D | E1: E | F1: TOTAL
B2: =(Feromon!B2^Parameter!$B$2)*(Visibility!B2^Parameter!$B$3) -> 0 | C2: =(Feromon!C2^Parameter!$B$2)*(Visibility!C2^Parameter!$B$3) -> 0.0027777778 | D2: =(Feromon!D2^Parameter!$B$2)*(Visibility!D2^Parameter!$B$3) -> 0.00625 | E2: =(Feromon!E2^Parameter!$B$2)*(Visibility!E2^Parameter!$B$3) -> 0.011111111 | F2: =SUM(B2:E2) -> 0.020138889
B3: =B2/$F$2 -> 0 | C3: =C2/$F$2 -> 0.13793103 | D3: =D2/$F$2 -> 0.31034483 | E3: =E2/$F$2 -> 0.55172414 | F3: =SUM(B3:E3) -> 1
A5: Random Number | B5: =RAND() -> 0.46858968
B7: B | C7: C | D7: D | E7: E
B8: =B3 -> 0 | C8: =SUM($B$3:C$3) -> 0.13793103 | D8: =SUM($B$3:D$3) -> 0.44827586 | E8: =SUM($B$3:E$3) -> 1
A10: Kota Terpilih | B10: =LOOKUP(B5,B8:E8,B7:E7) -> D

Sheet Feromon
B1: A | C1: B | D1: C | E1: D | F1: E
A2: A | B2: 0 | C2: 0.1 | D2: 0.1 | E2: 0.1 | F2: 0.1
A3: B | B3: 0.1 | C3: 0 | D3: 0.1 | E3: 0.1 | F3: 0.1
A4: C | B4: 0.1 | C4: 0.1 | D4: 0 | E4: 0.1 | F4: 0.1
A5: D | B5: 0.1 | C5: 0.1 | D5: 0.1 | E5: 0 | F5: 0.1
A6: E | B6: 0.1 | C6: 0.1 | D6: 0.1 | E6: 0.1 | F6: 0

Sheet Visibility
A1: =IF(Jarak!B2=0,0,1/Jarak!B2) -> 0 | B1: =IF(Jarak!C2=0,0,1/Jarak!C2) -> 0.5 | C1: =IF(Jarak!D2=0,0,1/Jarak!D2) -> 0.11111111 | D1: =IF(Jarak!E2=0,0,1/Jarak!E2) -> 0.1 | E1: =IF(Jarak!F2=0,0,1/Jarak!F2) -> 0.14285714
A2: =IF(Jarak!B3=0,0,1/Jarak!B3) -> 0.5 | B2: =IF(Jarak!C3=0,0,1/Jarak!C3) -> 0 | C2: =IF(Jarak!D3=0,0,1/Jarak!D3) -> 0.16666667 | D2: =IF(Jarak!E3=0,0,1/Jarak!E3) -> 0.25 | E2: =IF(Jarak!F3=0,0,1/Jarak!F3) -> 0.33333333
A3: =IF(Jarak!B4=0,0,1/Jarak!B4) -> 0.11111111 | B3: =IF(Jarak!C4=0,0,1/Jarak!C4) -> 0.16666667 | C3: =IF(Jarak!D4=0,0,1/Jarak!D4) -> 0 | D3: =IF(Jarak!E4=0,0,1/Jarak!E4) -> 0.125 | E3: =IF(Jarak!F4=0,0,1/Jarak!F4) -> 0.2
A4: =IF(Jarak!B5=0,0,1/Jarak!B5) -> 0.1 | B4: =IF(Jarak!C5=0,0,1/Jarak!C5) -> 0.25 | C4: =IF(Jarak!D5=0,0,1/Jarak!D5) -> 0.125 | D4: =IF(Jarak!E5=0,0,1/Jarak!E5) -> 0 | E4: =IF(Jarak!F5=0,0,1/Jarak!F5) -> 0.16666667
A5: =IF(Jarak!B6=0,0,1/Jarak!B6) -> 0.14285714 | B5: =IF(Jarak!C6=0,0,1/Jarak!C6) -> 0.33333333 | C5: =IF(Jarak!D6=0,0,1/Jarak!D6) -> 0.2 | D5: =IF(Jarak!E6=0,0,1/Jarak!E6) -> 0.16666667 | E5: =IF(Jarak!F6=0,0,1/Jarak!F6) -> 0

Sheet Jarak
B1: A | C1: B | D1: C | E1: D | F1: E
A2: A | B2: 0 | C2: 2 | D2: 9 | E2: 10 | F2: 7
A3: B | B3: 2 | C3: 0 | D3: 6 | E3: 4 | F3: 3
A4: C | B4: 9 | C4: 6 | D4: 0 | E4: 8 | F4: 5
A5: D | B5: 10 | C5: 4 | D5: 8 | E5: 0 | F5: 6
A6: E | B6: 7 | C6: 3 | D6: 5 | E6: 6 | F6: 0

Sheet Parameter
A1: Parameter | B1: Nilai
A2: Alpha (α) | B2: 1
A3: Beta (β) | B3: 2
A4: Evaporation (ρ) | B4: 0.5
A5: Q (Konstanta Feromon) | B5: 100
A6: Jumlah Semut | B6: 5
A7: Jumlah Iterasi | B7: 10
